"Adrienne","libero.nec@mauris.ca","Alisa","Yoshio","Bowen","3666"
"Amery","natoque.penatibus@lobortis.ca","Farrah","Malcolm","Greene","2763"
"Anjolie","erat@sagittissemperNam.org","Daquan","Lillian","Ramos","6063"
"Arsenio","et@necmauris.com","Hanae","Angelica","Maxwell","1683"
"Audrey","mi.Duis.risus@antelectus.com","Lani","Holmes","Hayden","8791"
"Basia","ut@erosnon.ca","Ferdinand","MacKenzie","Rojas","1164"
"Basil","Fusce@nonmagnaNam.com","Victoria","Martena","Lloyd","8103"
"Benjamin","enim@Suspendisse.ca","Samantha","Alma","Olson","6697"
"Brianna","sem@anequeNullam.co.uk","Melvin","Ella","Young","9358"
"Brock","diam.luctus@miDuisrisus.edu","Desirae","Francis","Delacruz","9396"
"Bruno","ut.cursus.luctus@feugiatmetussit.edu","Alika","Delilah","Powell","2327"
"Carolyn","Suspendisse.non.leo@felisadipiscing.net","Lynn","Nora","Cervantes","3666"
"Chava","adipiscing@Quisque.edu","Candice","Celeste","Bender","1469"
"Chester","euismod@at.edu","Hanae","Maia","Bartlett","6647"
"Christopher","nibh.sit.amet@mus.com","Aiko","Claire","Aguilar","9901"
"Clio","justo@dolor.net","Suki","Kylynn","Russell","3288"
"Colette","enim@nuncrisusvarius.net","Tana","Joel","Frazier","7751"
"Dakota","massa.lobortis.ultrices@MaurisnullaInteger.edu","Yuri","Maile","Guerra","1306"
"Dalton","sem@tristiquesenectuset.edu","Stuart","Brielle","Prince","5056"
"Deacon","eget.dictum.placerat@Morbi.com","Bree","Aquila","Case","5787"
"Declan","bibendum.fermentum@eleifend.edu","Upton","Malik","Conley","3514"
"Demetria","pretium@elitpellentesquea.com","Marvin","Carson","Lynch","7554"
"Dexter","imperdiet.ullamcorper.Duis@vitaeeratvel.ca","Mercedes","Melodie","Velez","9515"
"Dillon","nisl.sem.consequat@duisemperet.com","Veronica","Catherine","Carver","5934"
"Dolan","tempor.arcu.Vestibulum@Curae.org","Carly","Leroy","Hurley","8482"
"Emerald","rutrum.non@doloregestasrhoncus.ca","Rudyard","Davis","Gutierrez","8618"
"Fiona","diam@eu.edu","Megan","Leonard","Fields","6846"
"Fleur","odio@Duis.net","Ali","Anjolie","Guthrie","3915"
"Flora","xcao67@gatech.edu","Xiaohua",,"Cao","123"
"Gannon","quam.a.felis@velvulputateeu.ca","Asher","Hu","Cunningham","9189"
"Hector","tincidunt.neque.vitae@diam.co.uk","Sylvester","Leah","Rose","5280"
"Henry","Praesent.eu.dui@ac.org","Yuli","Kadeem","Hall","5314"
"Hilel","Cum@idsapien.co.uk","Catherine","Aristotle","Barnes","4712"
"Hope","eros@nisisemsemper.org","Beverly","Cole","Fischer","9017"
"Idola","consectetuer@Utnecurna.com","Giacomo","Nicole","Allen","9753"
"Inez","Sed.auctor@congue.edu","Hu","Sonia","Hammond","5815"
"Ivory","Nunc.ullamcorper.velit@risusQuisquelibero.edu","Brenda","Vivian","Olson","4703"
"Jamal","mauris.ut.mi@atrisus.co.uk","Quinn","Charlotte","Merritt","9271"
"Jane","Donec@perconubianostra.ca","Grace","Paula","Barnes","4634"
"Jerry","Ut.nec.urna@maurissagittisplacerat.net","Sara","Aquila","Buchanan","4438"
"Jonas","gravida@Donectempuslorem.edu","Emery","Jessica","Arnold","5396"
"Judah","sit.amet@In.edu","Geraldine","Oliver","Dennis","6698"
"Kaseem","orci@orcitincidunt.ca","August","Autumn","Bird","1621"
"Kasimir","a.aliquet.vel@pharetrafeliseget.org","Serena","Farrah","Combs","2561"
"Kathleen","fermentum.fermentum@Craseget.co.uk","Neve","Jaime","Jones","5337"
"Keaton","gravida.sit.amet@imperdiet.com","Camden","Maisie","Stanton","7818"
"Kelsie","Duis.a.mi@magnaPraesentinterdum.co.uk","Iliana","James","Barrera","2648"
"Kenyon","auctor@Sed.co.uk","Meredith","Rhoda","Blair","7089"
"Lacey","venenatis.lacus@Vivamusnisi.org","Maryam","Caldwell","Stephens","2708"
"Lacota","In.mi@magnaPraesentinterdum.ca","Kane","Quentin","Black","2975"
"Latifah","Cras@utmiDuis.org","Drake","Sheila","English","5846"
"Leila","nec.tempus.mauris@arcuVestibulum.org","Phillip","Vladimir","Pruitt","2690"
"Lenore","Donec.vitae@Integer.org","Alec","Judah","Reese","6655"
"Lila","condimentum.eget@cursuseteros.ca","Kibo","Lareina","Schroeder","4975"
"Lionel","Nunc.sollicitudin.commodo@blanditcongue.net","Zephr","Christopher","Colon","3253"
"Logan","mauris.ut.mi@felisorciadipiscing.ca","Ralph","Amelia","Benton","6319"
"Madaline","eu@lobortis.net","Hakeem","Erica","Decker","1566"
"Margaret","penatibus.et@risusMorbimetus.net","Amir","Ivory","Witt","7033"
"Mark","arcu.Vestibulum@lobortistellusjusto.org","Gil","Urielle","Chen","4614"
"Marvin","ligula@sit.org","Xandra","Knox","Beasley","1870"
"Mercedes","dui@suscipit.org","William","Victor","Carney","3519"
"Micah","dictum@metuseuerat.edu","Anthony","Jelani","Schmidt","9582"
"Nathaniel","vitae@justonec.ca","Fiona","Ulla","Ward","3622"
"Octavius","lorem.vitae.odio@imperdietdictum.net","Oscar","Gemma","Rios","6581"
"Otto","odio@necurnaet.ca","Veronica","Ivan","Stewart","2471"
"Owen","tellus.imperdiet.non@Nunc.edu","Ignatius","Kamal","Powers","5541"
"Philip","senectus@diamSed.org","Ryder","Abel","Schwartz","5222"
"Porter","cursus@Crasdictum.ca","Basil","Shaeleigh","Pacheco","4091"
"Portia","libero@aliquet.co.uk","Charity","Zahir","Vargas","9761"
"Prescott","tristique.senectus@enimEtiam.net","Flynn","Channing","Briggs","3695"
"Quynn","auctor@ipsum.com","Genevieve","Chiquita","Gregory","4729"
"Rahim","et.netus.et@nonvestibulum.org","Gisela","Magee","Solomon","9331"
"Raya","blandit@lacusAliquamrutrum.com","Lars","Iola","Heath","3633"
"Richard","lectus@consequatdolorvitae.edu","Lane","Xyla","Lancaster","1883"
"Samantha","malesuada.ut@quisdiamPellentesque.net","Caldwell","Colorado","Leach","8352"
"Scarlet","erat@tempusscelerisquelorem.co.uk","Zachery","Virginia","Benton","9680"
"Selma","aliquet.molestie.tellus@Nulla.com","Bree","Tate","Rivas","4957"
"Shad","In@molestieSed.co.uk","Jarrod","Gray","Richards","7900"
"Shaeleigh","libero.mauris.aliquam@nislsemconsequat.com","Scott","Kamal","Burris","4533"
"Shaine","arcu.Curabitur@Mauris.co.uk","Nolan","Miranda","Mejia","8035"
"Stacy","quis.urna@musProin.com","Dacey","Quinn","Carter","5153"
"Tara","primis@nec.net","Kadeem","Davis","Vinson","8539"
"Tatyana","vitae@Fuscemi.org","Kathleen","Daniel","Dickson","8266"
"Tiger","Cras.vehicula.aliquet@dictum.org","Laith","Macon","Roman","5528"
"Tyrone","ac@in.co.uk","Ruth","Keith","Osborne","9058"
"Vivien","at@est.net","Kalia","Michael","Sawyer","9323"
"Wayne","Integer.vulputate@Nam.ca","Dorian","Craig","Golden","4690"
"Yoshi","felis@In.com","Kiayada","Dean","Burks","5118"
"Zachery","tristique.aliquet.Phasellus@gravida.ca","Lucius","Charde","Serrano","4095"
"Zahir","id.risus@rhoncus.org","Wyatt","Astra","Flowers","3777"
"Zeph","turpis.vitae.purus@blanditcongueIn.net","Henry","Britanni","Albert","4841"
